level_id,level_name,monster_id,monster_name,winning_rate
1,第一关,1,一号怪物,90
2,第二关,2,二号怪物,80
3,第三关,3,三号怪物,70
4,第四关,4,四号怪物,60
5,第五关,5,五号怪物,50
6,第六关,6,六号怪物,40
7,第七关,7,七号怪物,30
8,第八关,8,八号怪物,20
9,第九关,9,九号怪物,10
10,第十关,10,十号怪物,10
11,第十一关,11,十一号怪物,10
12,第十二关,12,十二号怪物,10
13,第十三关,13,十三号怪物,10
14,第十四关,14,十四号怪物,10
15,第十五关,15,十五号怪物,10
16,第十六关,16,十六号怪物,10
17,第十七关,17,十七号怪物,10
18,第十八关,18,十八号怪物,10